{"initial_reset_timestamp": 1598596465.5039763, "timestamps": [1598596467.7833846], "episode_lengths": [200], "episode_rewards": [200.0], "episode_types": ["t"]}