{"initial_reset_timestamp": 1598585520.9523747, "timestamps": [1598585522.4930162], "episode_lengths": [200], "episode_rewards": [200.0], "episode_types": ["t"]}