{"initial_reset_timestamp": 1598585443.6931865, "timestamps": [1598585445.266262], "episode_lengths": [200], "episode_rewards": [200.0], "episode_types": ["t"]}