{"initial_reset_timestamp": 1598585406.6769245, "timestamps": [1598585407.1559908], "episode_lengths": [46], "episode_rewards": [46.0], "episode_types": ["t"]}