{"initial_reset_timestamp": 1598585468.1237786, "timestamps": [1598585469.47544], "episode_lengths": [175], "episode_rewards": [175.0], "episode_types": ["t"]}