{"initial_reset_timestamp": 1598596556.5495017, "timestamps": [1598596558.4039176], "episode_lengths": [200], "episode_rewards": [200.0], "episode_types": ["t"]}