{"initial_reset_timestamp": 1598585484.3010244, "timestamps": [1598585485.8144946], "episode_lengths": [200], "episode_rewards": [200.0], "episode_types": ["t"]}